{
  "accuracy": 0.8904856522341851,
  "precision": 0.884365678189156,
  "recall": 0.905497664390945,
  "f1_score": 0.8948069241011983
}