{
  "accuracy": 0.8666882306732591,
  "precision": 0.9078231628918999,
  "recall": 0.8245598275242544,
  "f1_score": 0.8641905568893282
}